Id,label
6702e55d-8172-492a-8f87-a3da277b53a7,Water
f93ea8ca-a4ad-475a-9c2a-12baaace2992,Water
be649239-3880-4369-846d-8030b182d18e,Water
cc812e42-37e1-40c5-a49f-60eafd030943,Water
e2af2db9-2978-4274-824a-13cb62b8c08c,Water
bb93f87b-c76a-49a5-9f2d-17aa2c4a8aff,Water
af0183aa-fcb2-4c05-84d0-7641ae1128cb,Water
6a56b9ac-bab1-4c8a-89d3-0925c62a822e,Water
31717b6b-4226-4596-ade3-2808956950f2,Water
65d78fa6-2cf8-439e-b325-a544a4036351,Normal
1b2e0d2c-821e-46db-82fa-a633c1a90a7b,Normal
470c36bd-69da-4703-8478-a0d9ed4e417b,Normal
44c9eaf0-60fd-442e-8459-708273ead04b,Poison
a3d9edae-6120-4ad2-9f13-cfb8c5774265,Poison
8da135db-6f2b-40db-8ffa-84dd8298d624,Poison
20a6df36-b05e-4a81-b98a-a49a0d1df063,Poison
f3d8ac6c-4b67-406c-a2a8-baec3e34c58a,Poison
c1ab43d3-f659-4ba5-9ebd-b64b52aa5b2f,Poison
b1c9e2b9-f79e-4edd-a129-11a74185a295,Normal
0f0fb2c2-352b-4309-82fc-65489c5aff67,Normal
7e9b7512-6643-41ed-8e5f-ccc5966f5171,Normal
ae27e2ad-d1b1-4b39-a3e0-a73594a65cda,Fire
e2a4889b-1efa-4bc4-b57e-ff2931b16d1c,Fire
f028a13f-93c6-4d47-a89b-b97c7cf470de,Fire
b2928553-ba8e-4a1b-9ac3-45fcd0ca0ebf,Water
cb54d798-7814-47ba-bdba-d0ee8f78f41c,Water
81029367-7f85-4e0c-bd70-1a4032242b82,Water
fb3c4544-641c-4ddb-a709-ae10317846a7,Grass
96f11e5b-afc6-4373-a257-ea5ef2a80914,Grass
2f9fd21e-69af-4f34-984e-21a430ac9628,Grass
85416967-f935-4e0f-9e5d-c69de61db522,Bug
91dddb78-223d-4731-bb2e-af8ba0256e1a,Bug
5969ccf7-20ec-4b10-a5cb-ab051e32f153,Bug
2df93f3e-5ae4-48a4-8084-4423c7fe14a5,Normal
679dc0e4-bfa9-41d1-a3da-643a6ee07daa,Normal
42ec4676-911b-46c1-895d-190152346114,Normal
60fce484-4007-4dbf-ada6-791be373b387,Water
1e8fa78d-6e65-47ef-8bf7-f2340f0964f7,Water
8dfbbb3b-93f8-4c0e-ad50-591399888336,Water
613db9a7-8be0-417f-a081-66218359f311,Water
ba7b31fa-bff4-4958-b657-d57b9f492e23,Water
0735c342-d0df-4534-8fce-c479a6366926,Water
bb287dc0-6e2d-434a-abf0-8e4516c2191d,Water
8a70f8d2-c694-4696-976e-cf40a68985d8,Water
e4b60abf-dea8-4f50-bf1c-4dda556d44cd,Water
40d52099-fb10-4b73-9859-5889571033ae,Ground
a89844a3-8a7e-45ec-ab21-d5845da854b2,Ground
745f5e14-8949-46b6-85ae-1f96ccbe0a16,Ground
ec167828-0be1-44e6-a204-96eb29ce3d2c,Normal
7ce290a9-7b22-4c26-a55f-d41ace11bb3d,Normal
69b846fd-14eb-4afd-9c31-ce9a9b1f10a1,Normal
e3622291-9323-4403-a77e-9ee4c5c51c21,Grass
fd19db37-09fa-4bee-93bf-84cf7c384921,Grass
d4aa481a-b20a-4348-86dd-9bb3c0fc6d36,Grass
57e46194-8b0d-4a23-83c8-cc0db3a6ea7e,Poison
ffb6a4cc-e900-48c2-8eb4-b1ddabbd6585,Poison
6ea3273d-fcd7-4367-9be8-f0d1e0843b07,Poison
4e800173-d0ef-4259-be99-87c963a99309,Fighting
56b21108-8c12-40fa-b0d3-1132015a4464,Fighting
325b548b-e25b-4f0e-bc7b-3f8a022155db,Fighting
5b665365-8082-482c-8df6-53f675debccf,Bug
ad5ddd8a-61de-4a97-9981-e5d3f72cdbee,Bug
fde6abfb-4498-43fb-8995-03f785675d88,Bug
0aa8df1e-e953-4808-ad25-30d53306d3d2,Grass
2440657e-f354-4dc7-bfdd-d0c85220b223,Grass
cc56b30e-1f01-4926-9999-37ed48538a0f,Grass
dafeebf8-c0c1-488a-af84-268016548957,Fire
db7c75b9-ade4-4b2d-a1dc-923cc873b6cd,Fire
81e87682-b55c-4743-88d7-5b0c408f7a11,Fire
c0866b1c-20db-4316-a45d-f8a70233ff7f,Bug
f7b0908a-ceee-49fd-b120-02f482720eda,Bug
0414b96f-59ad-4673-9f3b-f941c7cc79fe,Bug
bee14869-a805-4b1a-9f7b-f9b6508ebc55,Rock
7c2a289f-b0ce-4e50-8ea0-5b5e7d8e008f,Rock
1a8ebc93-570c-46b8-a616-89f1a283970f,Rock
e5c25ff0-b828-4c67-8f25-91dca7223cc1,Normal
20530733-ad4e-4c29-8b43-755eaee5f14d,Normal
25edfa1c-b6f3-49ce-a8a9-9cd1d81a50c5,Normal
2a268ca8-25ad-4aa3-aca9-1396e88135eb,Rock
a8f3cbe3-2e9b-4cdc-8e81-73ee6f9e03ff,Rock
5fc378f2-87b8-4ecb-b068-28dd510eeac6,Rock
f0c351ca-7988-4087-8701-0a1ca89d6f62,Normal
046f57f0-87c5-4a75-be18-dc7aa998a075,Normal
b5773d34-30d9-42d8-b1bd-2e6cfe26b19f,Normal
b26e38a1-08a0-4176-87ed-7f7f0fde54bd,Water
8006db13-e7ec-4d76-bc84-2d02bbffdae6,Water
669e106f-55c7-460a-a87a-e8f7373ab4ec,Water
d8aca716-ea1e-4666-93c2-d2fd808e50ab,Rock
216b1026-4c5a-4c95-94c9-0920c1ca91ea,Rock
4c0981d8-6c67-4468-ae5b-601310995afe,Rock
a0347579-0a8f-48e7-a83a-426020666831,Ground
4552d8dc-5145-4498-ad46-edc2444452a9,Ground
5bbad9d2-90c8-4d6e-a889-388592a01d78,Ground
61f2337f-2f37-4347-955e-098d306ae856,Bug
cb706bcc-72c3-4505-a994-6265cb29e415,Bug
e60073b5-1ff0-4599-a2ad-8db08b2b87a6,Bug
687d0185-fd8a-4340-8966-2d5c3d2433e2,Bug
4590a54a-7983-4b82-aace-a82064be5cd0,Bug
2dc114d8-abd9-4e6b-9304-6e4bf5a5fa11,Bug
ae5f2656-5177-4541-9039-2a4c65d0e7f0,Normal
dc1ddd3b-3fca-4d6a-b32a-6cecdc324024,Normal
59707ffe-cb94-4b17-8b1c-ed2778494939,Normal
5ee7aeec-3ae5-4fb7-a5af-ed7c42c5e3dd,Normal
43671928-0fc8-4d67-a376-8223a9d17ba2,Normal
3f7c3744-ae7e-43b4-bd0f-a64e52322c6e,Normal
58036618-f430-4122-9247-50b1af11e2dd,Water
6305837b-a205-491b-9ab0-df9cb9dfd828,Water
cdd31668-96c6-41d2-b9ec-ebad3791829b,Water
d4b9ed92-c07b-4a20-a6de-59bc831d44a5,Grass
2bfffdf5-5cc0-48e2-9a89-b3472ee3e969,Grass
bdc713ed-180e-4c37-86f5-25e3835ac4c3,Grass
e68ee35b-65dd-4d05-a4b5-7636ab6caa19,Bug
9e77865f-3671-478e-a1f3-8e013d068306,Bug
b30a4670-f586-43f4-b36c-61881c9dd4cc,Bug
7e71f6eb-a8a7-4cb4-a0ff-5d09321aba47,Normal
de352c5a-8c96-4cf3-a711-7a41ae986242,Normal
9cbb131c-f9cf-4a37-9b04-667ea72a9924,Normal
17afc44a-9c4e-492b-8cc9-b7a2601a5114,Grass
5ef592c6-3501-4867-aff1-ed6d8635beb3,Grass
5215e869-0639-4c8a-9e89-60f5d144a642,Grass
48b59720-12ac-4006-b5b8-26cf8fd1b4a9,Normal
cf126737-b966-4ca7-84fa-921d895026b6,Normal
52ac5728-c307-4007-8fa8-c3e6964a8e79,Normal
d1517e84-2683-490b-835f-25c1c4e845a6,Normal
daa156b4-9c81-4a73-95a7-be357d065dda,Normal
f918d946-0833-4add-adcb-8d44e24e52f6,Normal
9e4a8f32-090e-4280-b59b-de71b241000c,Normal
71587c25-260d-4174-ac54-4a5b7c2e04e3,Normal
ae8aa34d-750e-4ce3-aadd-8f75c5cfcb5b,Normal
0f1e6117-7c6b-4f2a-bee0-835550ab559e,Poison
83c597ee-0298-4aa4-ab8f-a7b3d193119d,Poison
9cbd20e4-7e05-4285-b5b4-ae82d8cd3900,Poison
9ec8b4c8-6007-4784-bd36-e0b76a1d3791,Normal
a6abee0a-2ced-4ba3-9aab-c003454e68f3,Normal
cfc43f9b-32a2-4cea-8f78-b1ec016b4e3c,Normal
e47c3f64-12c3-4c42-9dd0-2c23892528e2,Normal
1bc4984c-e535-4b50-bf89-9d1489b4a810,Normal
333e7050-b10f-447b-a331-df5de39c0207,Normal
8faf176b-f194-4b5a-a7d3-932cf2e3cea8,Bug
6aeb4195-2da5-4eb0-a849-ca3ef3fcf959,Bug
89edecaf-67ba-46c4-882e-e80dec34adf7,Bug
2875c9b6-6fdf-4bf4-baa2-692858a9df9f,Ground
c9d25a19-069d-4c40-ad5a-2ae161724112,Ground
f40ba165-5f6c-467b-8488-df256cc01497,Ground
34f79004-fbe3-4ef5-bf45-5c42434fe175,Ground
de50f7fe-3504-41e2-9628-35707f80d47b,Ground
5c2fbe2f-36fb-44fe-83e9-e02183e37337,Ground
b7885a95-63f0-4178-bfda-1e2656708200,Rock
257cc9c6-cd4e-4d9a-8533-87725cee6695,Rock
f2b798c2-e489-421c-92e1-00274054a953,Rock
6a33e78c-1ecf-4f77-92e1-7ae1ddfdc22c,Fire
6e94562e-9bae-4ddc-99c2-7c470b78d169,Fire
77211cc2-b3ea-4206-9f02-4741c093fb1b,Fire
fd8072b3-a8c2-42d0-b7d3-a8ff7c28a324,Rock
2c5dda00-8764-43b7-a73e-e0f61c8ed1ca,Rock
12e0eddc-b433-45eb-9aa9-32755242a61c,Rock
a73ad687-2854-4f8f-9425-c592dad7fa80,Water
6e294a85-c303-4575-bf9e-fa4883c186db,Water
1b184042-3958-486c-901c-dba418b75e16,Water
93287236-1989-4024-8ad2-629dd3456a73,Rock
382c211d-5eab-4105-a281-8c6bf9bc6e98,Rock
edfe05f8-64a5-47c4-9318-bd95c0c66b98,Rock
6522f9fc-b3a0-483d-9c68-9511a8cd2b39,Ground
95bc1165-8c11-49d2-b51c-aa6385d14445,Ground
941f6948-8914-461e-84d0-0fb7edbb00b5,Ground
f2bff954-e209-4a0e-9ea0-f443d11a31cc,Rock
3f69267f-8c9e-497a-b69c-f34297fe1621,Rock
566489de-f97a-4be1-9151-fe624d345bcb,Rock
a9029195-5599-4c04-ab35-c52b97fb0b5a,Water
45188df9-5a05-4c25-8d88-09c719674705,Water
1bfb03b4-0523-482a-9b59-344b393c0d0a,Water
f3f3d00f-b00a-486c-99cc-769a8d456dab,Rock
9cfb389d-5caa-4e9d-8a0e-b3838e65115c,Rock
aaa10908-57a4-43e1-b021-cce59661b01b,Rock
3a4ed90d-d992-4706-8a90-466f5e0b4357,Grass
761ebed5-0d49-4d05-ba81-3963a1162036,Grass
c2b68247-fae9-43c8-a466-93d49e3b5742,Grass
f8b38668-36e4-40dd-8475-2d538ccb0432,Water
f1c2c973-bef1-4773-9cf3-588cf760f15c,Water
43737238-2438-4676-babb-87df3c980beb,Water
f24cb5cd-8855-41a7-a051-26d2d4dbc50a,Fighting
161498a5-8085-45e7-9aed-3f8dbf8343a0,Fighting
0ca921b6-374b-444b-826d-736451347382,Fighting
774135b2-b975-427f-9929-4072ac267f0a,Water
037a05bd-c6a2-425e-b963-5fa31c6c156a,Water
aaaac336-8ebe-49e6-8aa8-4625508cf8c7,Water
a97c628d-878f-4047-bc9b-153ba843643f,Normal
125b03f1-1c23-4686-8922-adcc20bd6b0d,Normal
79b1ebc4-0068-4302-ae2d-db54600a84d0,Normal
3570780e-6ed0-4c74-9307-cd43851a95b0,Bug
ec396fe8-bc5d-4877-b9cc-95ec32dbbcd5,Bug
3dcaa220-9a6e-4df4-b1d2-4436d69e247b,Bug
e3015fed-69f1-4948-b7c4-f7d452d8ab0e,Normal
6bd47b98-964a-42c9-b173-7b0d867a25bf,Normal
426d991a-bf58-4b2a-85b0-9c00a169a067,Normal
8b78ea1b-825a-4148-ad3a-a4f91d460a40,Normal
4570a26d-07cd-4fda-9262-1b5c87f1d93f,Normal
c649c5a6-15e7-4483-a026-d8e4f835fa12,Normal
467e8834-7cdc-45f0-afea-56b83f572114,Fire
0719cdd9-8fe8-4e47-b550-7bcefb1634ed,Fire
6bd541b6-c1e3-42ec-adfb-2ee96e51917c,Fire
9b815f5b-35ea-4ea9-a62d-2718e07f6790,Normal
a586ab01-5ed4-40b4-9b7a-61ab46086657,Normal
99ebbb96-cba6-4a71-8f9a-ad185d8062ff,Normal
7b639ba3-e2fd-4120-97d4-5b468030e848,Water
8b864713-b5a4-4d49-9b0d-d843b8cefad6,Water
a1d7d22d-6321-4e4a-ba79-33c29190197a,Water
8c2be6fa-6e3e-402f-9150-02781eaad0f3,Water
18493277-5abf-45a1-9dfb-69b74b0fcc27,Water
6fad1966-9053-45af-bdc2-41b182470ffb,Water
77062429-079c-4013-a72a-fb0e2975cace,Grass
e0de2cba-c067-4aa3-81d7-dfbe69c9f21d,Grass
cc494973-6204-4c59-996f-7a90684b5f36,Grass
2f013199-b2dd-4977-a6f7-e9bc975398ee,Bug
cbed2e49-4f45-45c8-b050-81e8c98c3bd1,Bug
4631a8d1-094e-48e4-8e14-8665d114e7f1,Bug
ffb7630d-94dd-4e5c-92cc-b438c186397c,Fighting
4d175522-4920-481d-9d3b-2b5b63b73de0,Fighting
d02541fb-53e7-4407-9b0b-fee3ee570d2b,Fighting
c0a9535e-376d-47a7-b9a5-92810cc8f6fe,Fire
b4b2a9a8-8d77-4681-b81b-7072d58a3871,Fire
8d6b0ab8-5403-474b-a589-ab7b01d804db,Fire
8ae2d3ac-59e5-430f-a5df-ce7bff5cf36b,Grass
370c9b9a-564f-45cc-9405-2c7ebf0cfadb,Grass
d7efedbf-1894-4d7f-9d4b-182bdcd897dd,Grass
37b5a72a-0a82-47f9-9df4-798e39008351,Bug
834d5bac-64cb-4ce4-b568-c2c1c19cfae5,Bug
4cdb4b1b-2ee6-4b9a-908b-5c96c5e257fa,Bug
3671dbac-64ac-4aff-b653-0e07b2da5498,Fighting
3b9664ae-ed23-4a39-91c6-548721fde570,Fighting
36b2139e-d08b-4a92-aaeb-7cdbec44ee57,Fighting
dd32ee07-8a3e-4263-81e7-af9924b21885,Water
411a3b88-3abe-41d5-9ad4-53e67c0939ef,Water
73009085-8dcd-4880-b173-542c46fb2bcb,Water
a29228b6-4a31-462a-8d17-eade2b200fc0,Normal
de82e8ba-c75a-4528-9887-3334931cf185,Normal
78538166-9b4b-43f5-8fa5-a420c31fd7e9,Normal
562c1671-bdec-490d-b3a6-641a881ca979,Bug
5d2e79ec-3655-4b74-8ff5-03625adabf7e,Bug
90c6d354-2d62-48ae-a6f4-65b2aa0dc406,Bug
3258318e-b86a-4e62-b4fc-d86f8f2b6bcf,Bug
8702f588-5c71-4b31-8445-e4dcb4021902,Bug
955da6b5-2760-401e-832a-3cb06602fe2f,Bug
259c90af-9988-4b91-8e55-abf5de9dc4d0,Normal
12dcef22-4ba0-444d-9f71-c24943f562ad,Normal
87610800-73fa-4d91-badb-c49fd2b90266,Normal
a0daf5fe-c5e9-41d9-838e-ca05012bba12,Normal
12a5c1d0-0b59-403f-ab0e-69413018eb14,Normal
1962b5c3-2287-4af3-9d1a-2fbdfe9bb581,Normal
9b6c5f92-37b3-4f2b-b448-daaa90a00449,Normal
41e4d617-46aa-4850-815c-8fc627c3b26a,Normal
6cf5de48-0f7a-4926-9170-fca396239931,Normal
4e5af879-d964-4100-b0ed-4a17a8857d62,Fighting
26bd92df-0495-49ca-974f-e875eb1596a5,Fighting
ecec2157-47cb-4414-bda9-daf4ef6cf748,Fighting
43fc7450-093c-4d6b-bf8a-d8834039d66b,Water
b5c11b10-452d-4724-ab42-01755738a238,Water
cf06831d-1902-40c2-a867-2be39e8d3e35,Water
3c945ad5-0e99-4244-b561-28440ab89790,Rock
732f8746-8cbe-470c-9a51-aaaecba8b022,Rock
7e5c27d9-67f3-4f20-aa7a-e5c06b3c01aa,Rock
55f28114-4aca-4127-9b7d-03b5901c36e1,Poison
21693fbf-2ae5-4b44-9d77-b220d0d2a23b,Poison
c83a402d-ab7f-43f8-970c-c3da83bb5982,Poison
67bb78fe-dcfd-4fed-bde6-11225ea27338,Fighting
64589116-7055-48af-905e-2e733e49078e,Fighting
2d8092f2-1fe9-4380-8c65-d37f120d28c1,Fighting
937074de-c042-4466-81f6-208ac19a57ba,Water
f9a9a154-3d71-430a-b013-e8e95fc22d12,Water
be63724e-0259-4e58-a075-3174503610a2,Water
20a9a076-cbc1-479d-9abb-b5bb97ec7101,Water
13a41396-5063-44e1-ba1b-c487e0ccecf2,Water
350f8ff4-2631-4634-a92c-f935253c0e44,Water
7e03cdd1-1718-4d15-acbc-8add6de47d0a,Ground
ceef3ea2-4167-4deb-9a11-c2f5f4b5d366,Ground
cf29035f-7346-4a5e-95dd-a40a25be771b,Ground
9f8e5277-73ee-464e-97a2-3314a2cc575c,Fire
fa107dd7-6801-471e-9acf-0f0794d28230,Fire
f65e8582-0e3d-425f-b670-f98d20a854f3,Fire
88a50c4d-bbc9-4e08-ba8b-9967d2916f28,Fighting
7504b548-c880-49d5-b98a-453f7a26ea60,Fighting
6be3ae32-cd6c-4fc2-9aa9-88f3697e4ed1,Fighting
7ac86716-10de-4086-9837-c32ba825d1f8,Bug
062ea8f6-0127-4485-8dda-1db76a7948c6,Bug
bfafc4c6-ae3a-41e5-be08-4009f04fab1b,Bug
85ee7dbc-56a6-4b63-a8a6-bd9623db8289,Normal
07e06fc4-486a-40d2-84b1-09c464a4a5b7,Normal
37571ce2-2e1d-4cf7-8186-aef22fd02482,Normal
6691e14a-e783-4ce7-b371-76050bdc0907,Normal
ea1e4acb-0a75-4e34-b181-ff6f2d5af3c0,Normal
0c279630-fc78-4642-89cc-d5d100cb377c,Normal
097d3988-fb30-41e7-90c6-347e8349886f,Grass
999bcc9f-6372-4018-bb11-3f56e38189b0,Grass
fc609721-f8ac-4bc5-8734-c0385ecd5ef5,Grass
03a2a2e1-ca04-4e5c-b9c8-7b0f01b416c1,Ground
cb267585-2226-4900-82be-796ed471958c,Ground
75bb8e53-b8a5-4f4c-aa16-93a3959c69c7,Ground
761a692c-e5a9-4297-9f38-454c8bf36f6f,Ground
66c71ad1-2f2b-4f6d-8947-ba2eba5ae138,Ground
09c646bd-020f-478a-9d9d-0d972698e0fa,Ground
71658fc4-cb74-460e-8a23-08570145a2e5,Grass
46c00f6b-e004-450d-84ce-7954b9ff84aa,Grass
8d57c7e8-0bd4-496f-8bdb-57e488899146,Grass
6d6d8d5d-8a9b-43d3-b3ff-9795c268efaa,Normal
fd198e1f-4c8c-404d-92bc-569e22859ac5,Normal
60d26d8b-8a9e-4666-a8fb-563a4214c0c8,Normal
b41d3a54-f699-41e4-938e-ba2e75efba9f,Normal
90e971e9-6923-45c0-aa34-df9b22f5b9c8,Normal
68371f17-576c-4e23-9bad-ecf9be1e0cd2,Normal
b7fa83ac-b717-46b5-ae65-22b6161906d0,Grass
5892195f-0404-4b6a-9efe-b062b5c6b22c,Grass
00f5c778-d9f3-4828-b7d5-3442daf2871f,Grass
68a48f0f-3e92-43fa-92de-3ae90aae43f3,Poison
07aa824a-56b0-4550-86a4-94ecd3372d31,Poison
15547e51-264f-43a7-9758-88a6be6b2aab,Poison
e3fb7cd2-0962-4b3f-891b-68e6d1d2d1f6,Fire
f87ef2e5-a397-4f0e-8e8b-57cb6008b91a,Fire
26af40c7-a993-4a30-9ba7-5f16d426b631,Fire
f43a5911-29d0-4818-ba31-cc24feb9c9ca,Fighting
659412af-67db-4233-8e44-688f7231fba7,Fighting
7c8b63c2-e188-4345-9a6a-7997f197166d,Fighting
73842c2b-c30d-48e1-bff3-094cad1a5aa6,Water
c1b6fc06-ed72-4480-b9c9-e1ba25151237,Water
684338c8-0f84-4265-a1b5-436a21894707,Water
c0b6ab92-bdaa-4d44-a29c-05794aea4498,Bug
376ce577-b996-49e3-b271-d6d42b6741bf,Bug
536e965e-1dea-496c-b55e-915ab55bd51d,Bug
c9521116-8433-4484-a4b2-bfa41b1996ea,Bug
33081452-a5cb-49fc-9fac-6501528fbcbe,Bug
3a1a4aea-c523-42a4-a28f-7ea87608c77b,Bug
6184a415-a67e-4d01-a253-5a7fd59ded47,Fire
59378964-5d03-413e-b383-c586faba924a,Fire
9e00441f-32a9-4508-9380-4fe72b025d94,Fire
badce30c-c638-45a5-ad2e-1e59add51ef4,Water
3c224271-ef94-49c1-848d-d45c821fe8ea,Water
2a3a74a4-dac9-40cf-b998-eee94bcfe3f8,Water
8821f634-e4f1-4139-8c0f-1d67bd0873c5,Water
ad28910c-85ce-47e2-ab37-dc5403289194,Water
f32cdd74-ed1e-4b76-9b09-9fcd092e992d,Water
d5646b3f-08c2-4127-8d9a-d6c5a97dc10f,Poison
43ee60f2-823a-4a83-8fdf-849d3586105c,Poison
207ea386-afbb-4e3a-838d-071e0a685e55,Poison
f012c07e-3093-4cf7-b5ec-4bd416e933ef,Water
69bb893f-19fa-47e3-b0d0-9d63fe75770c,Water
494aa299-4b00-42f2-a28c-86cf31882373,Water
558e0da4-9654-4a11-8eb8-269dee347aad,Grass
b1a4c45e-7e81-4cf7-9939-3d1f78e4bc96,Grass
20065878-cf1f-41b5-a421-d25a6bf99eef,Grass
15c5d715-b77f-4f06-8004-67ee8e17dc72,Bug
bc501faf-7005-4689-81e5-4cfdafddcfd7,Bug
393905f8-9472-4b96-993d-95999eada373,Bug
5980583f-6be7-40ee-9a94-bbbbb9855700,Normal
4f412674-33d3-4046-a93b-51878a9b6e37,Normal
958b7be0-e0ba-495a-bd25-a3bdc2ad9050,Normal
350a887a-e7f0-448b-9b2e-4198287a181b,Water
edda66c8-0ac9-46ac-b1f0-cce1e7e2c0a8,Water
83088c2d-b017-429c-9426-68c70008427d,Water
5178bae4-e771-48f8-b427-77cee6944149,Water
01e460d4-82c2-4368-9b27-fee5d3b02858,Water
7e49be1a-41a7-448c-8d4f-3b05ad918747,Water
212a74bc-b2dd-49e2-8e9a-6ebd42b10572,Water
d3496468-79b4-4f23-822e-a5bdb7a02ac6,Water
0a303578-68e3-4444-aa69-d6403dba2b54,Water
2d8ecfe8-febc-452d-bb64-fc9febff47b0,Grass
a2e9638e-58f4-413e-bc2c-a79b52f76731,Grass
7cd74888-fcb8-4f29-98c2-0d2e276d279b,Grass
bbe64a61-ae30-40da-b562-1920d8dc755c,Water
9f315b09-3499-4b17-a786-e12d8abf2186,Water
453390cc-1441-4547-bd7c-464b55816eeb,Water
b92c4b34-6db2-40f9-8eda-07bc1cb24bff,Bug
39579fc5-60fa-4077-8c88-e2b510b402c4,Bug
b3a12488-4ed8-4711-81e6-c33b8738f3c0,Bug
3653aec0-6a80-416d-83a4-b52747ff46ff,Grass
fcf7fdc2-46f2-49c2-b13f-af20f2d8ef9e,Grass
7c573c67-5ad9-4862-bd2f-09245bd008c2,Grass
1deb19ec-ea00-4146-a908-2203b0d74337,Rock
918849fa-e931-484e-aa92-2822979810f1,Rock
2e0bef10-97a1-4e3c-84b4-7d2278655aa4,Rock
d517a00b-3a91-4bc6-a213-5c2f36eb90b1,Bug
09ee6398-4cca-498a-bd15-89995ff5fccc,Bug
c4090790-27a3-4462-b587-1d3007a928d8,Bug
821c34e3-cdcb-4bbd-bff9-a5c5a33a840c,Water
0c8a7797-7cf0-4608-b171-a9e913dd2384,Water
03d490f4-477c-4199-aef1-fd7e31bc5ce5,Water
87326bf8-0b14-4ee4-a356-4daac53ffa42,Water
f448d1d0-b0f3-40a0-a6df-9190007a634d,Water
00586957-39c2-4eaf-978e-f3c25189838b,Water
0c3fde4a-e10d-410a-9ece-8586dfce1f8f,Water
3ce04980-6e40-4144-aa85-908c5b14b78e,Water
c3c75c25-7346-4281-a2ef-6c255f10d714,Water
4ab4621d-3a91-4a6f-a3a1-2a48515d7272,Rock
bff6b5b6-7078-4463-8496-8fbcfc6d6b16,Rock
2e2fe553-800d-4b1a-90c5-a98bd21418e7,Rock
ca86faac-1ccc-4008-8154-e1400254b31a,Ground
6aecf796-1af8-4b99-b017-7e48c887bddf,Ground
c840c920-9094-40c7-8b96-de9d8c533d66,Ground
0816baf6-80dd-4e92-a880-0ba1c7e0911c,Normal
ef190545-a670-4fe9-979f-ca16a8d4e1e8,Normal
fa16aeb3-783a-481a-bc1e-fb83a8f7873a,Normal
f055e3f8-2122-4546-8966-4134658761d9,Fighting
e9b07825-8d9e-48f7-8bdd-78bccc21c3ad,Fighting
26b36fee-e76b-4319-b71e-1ea93721d363,Fighting
c98fbaaf-39b1-47b1-bb15-1dc7a9591eb3,Water
b4b712bd-18d5-45f5-b76c-aa53f7ea4c42,Water
d0fe0352-0074-4d23-8635-9e7e86d979b2,Water
8a84650e-2b6e-4130-a547-5f33073e8100,Bug
21430d51-2175-4a42-9ea2-58ae1f159e3d,Bug
2c238910-4959-45af-88d6-88c3017c02ff,Bug
804d168f-6935-4d94-963f-78a58c21d0a5,Normal
7c3c1316-2bd8-42f3-8576-d4671c596012,Normal
74f38529-4b4e-4873-b995-bcf01d7a0bea,Normal
15dce104-7495-43dd-b017-4adf2f27b109,Ground
119f9968-2e34-4399-8244-f793d82a32c2,Ground
33d61417-b19a-4cff-975d-bfa00a16ea05,Ground
fe55e618-5131-4613-8944-0d7050d355ab,Grass
391c7770-f4b6-4185-986b-e5aee4ad9a3d,Grass
71ded1eb-7132-4dd3-a112-20f64c62a650,Grass
825d9ec3-00a3-40a9-a958-f7c031eecd40,Fire
4c334da5-2033-453c-8c4e-40e7c60e2ad2,Fire
6fe3f1ba-a099-4f10-babc-01a45d3ae13e,Fire
a972613b-9db9-425a-b514-b9da16667492,Water
2acbe67a-d639-4932-8eaa-a16334648ba2,Water
ea4ed0f4-3b4c-4e60-9c6c-9d4d84f84c3f,Water
c87e739f-e5ce-4d42-8a78-829e60f8475a,Rock
bf813598-67cf-480e-9594-5df6f405992b,Rock
f66acd81-b511-41a8-b5f8-ec0053159520,Rock
71bf7b82-43ae-44a8-9ca5-49f91087ecea,Grass
ed410cf6-e2eb-470f-9bac-70b63c335603,Grass
98ab3c5d-bac8-49a5-b12d-c67640926af1,Grass
932a1be6-d4d0-4f7e-9db8-cb82f4e2722d,Water
a9706175-cd02-4a69-9d72-ba7a30233fe8,Water
20895dcd-2500-4061-b948-db1a86b04aa9,Water
237004ee-ae7b-4964-a287-fe0d5d61cc0e,Poison
6333baec-6539-49cc-a798-e8012b40dab5,Poison
068da559-980e-4802-abb1-94e820ff31ac,Poison
ff00bd3f-ebf5-4944-8376-226ceebb4d06,Normal
1ca9d51c-22d5-4ced-a251-8d97af8c2016,Normal
4bfdf537-0691-4868-913a-71160058e6bd,Normal
7d34b85e-71cf-443d-9a85-e759259012b4,Grass
cb4d376c-c300-415b-9fdc-32e23c1127c8,Grass
876baebd-3ab7-471f-b4e7-9eb39871165b,Grass
f28f5361-20fb-43e3-bf3c-5aa651bab2dc,Ground
1b04cf4e-0149-4a13-a7fe-23d1f3859272,Ground
2dd3387e-df5f-41dc-a494-66c769962601,Ground
3199040d-1bae-4317-b358-cf9c1d5a5786,Fire
31d90173-f990-4743-9992-5f9deecea5ed,Fire
3b4c2a5a-b0cd-4b2e-90f0-378c92fc6095,Fire
c56120fc-fd94-4191-8f9b-13188cf75814,Fire
894fdb50-ad65-41cf-b38b-98dde30e4e46,Fire
dfd8fb45-9f13-4a1b-8b13-b5096d37d78d,Fire
850263e5-b2fb-49a2-b741-813c04e57430,Water
e66e8a8b-7e92-4238-96f3-78dcfc6cb9f9,Water
78cb32e9-0222-42ea-840a-e4eba2c1b94d,Water
1f53b3e3-88d4-4e20-bf48-f3281c6f71f6,Grass
e543fb2c-c24f-43bc-92aa-0d6adfa91a39,Grass
c10fa98e-9d1e-439f-9974-6ea01a3b430b,Grass
70a8f915-f44f-4502-9dff-c2c39ae597b1,Bug
5f8ec87e-3d62-4bef-953d-f0e865eb6689,Bug
f327a93d-f0c0-4c64-af31-947e81ea2189,Bug
82959289-bf3a-4fc9-a27b-2cd894271a1d,Fire
ecd62f30-58db-4d5a-ac1d-f07074caad15,Fire
38eb6f85-df78-4728-90ae-665c7d399db8,Fire
8a926b93-b8f2-4746-a225-e63612beabc7,Grass
c4131655-c6df-4fe8-985d-4d6d2a25ebad,Grass
f01cb344-d67d-4b64-b3d2-b85c75630c45,Grass
2a182d2a-a311-4fb2-8d56-ab04edc02bfb,Water
2d92d015-429c-48c9-bd51-d1d701d2b16a,Water
156219e5-6b18-443d-994e-476ce2a00eb3,Water
6af280ce-60ec-4e32-acdd-181750da820b,Water
a461e2be-3dac-4ba7-9649-a923f91b28b7,Water
2eb6c505-18bc-44fa-93c6-252c51607eef,Water
0d92ec9d-27c1-436c-bf12-39167a21f0e5,Normal
3fd2b961-f0d8-4b09-ad5c-cfb04583d07c,Normal
958cf55d-d3c6-4d2e-8d15-bfadb223f65e,Normal
0b51d38c-b451-42fc-93c2-b9e5d3c305e0,Ground
412b70ac-4ff4-4a81-b14c-f0822de95625,Ground
0085ae8e-601e-4f92-b059-a1a7961c45b5,Ground
50168ff2-08ab-44e7-8a27-e92bed660187,Poison
297490a7-ab1c-42a4-b9f2-c97fc5099cea,Poison
ebf7af28-e3dc-4b61-aab2-7546b34245cf,Poison
716cf272-7cbc-495e-8d48-b4eabd909f63,Rock
16cfee91-6ba5-4f7c-a34f-fd2849e141fb,Rock
3d7b5b85-0c19-4cb9-9996-09dae760ad85,Rock
3e1c463c-bfe8-4e36-a7d8-e57181f7c275,Grass
866f33f0-d90b-4c92-8be7-608a36684310,Grass
ffc170b2-dfe0-4044-a765-408f36624e46,Grass
b4f5185d-e984-4e42-a10e-8d6922c0a384,Ground
a0285865-7ea6-4488-a142-f6e7d1293c6c,Ground
21da49ab-c757-4452-be0e-e7ebd1b6b268,Ground
c4f1d051-b8ba-420d-a179-7468b72822cd,Water
266edce4-76f5-4d0e-8ccd-db3e43a029b4,Water
9e7b51f0-f257-4af0-a3fa-480f426277bd,Water
83fb7a2c-1b55-40ad-9877-348e614aac1c,Grass
56a18239-b921-4e09-ac43-51dd2e6f9333,Grass
293ac8ed-f0c0-4b00-a70b-d380ee33a75b,Grass
b6b3d979-4a6f-40e8-ac45-9a8e7c801ce1,Water
3fd012e7-e1ac-4ebf-9ea9-29dfda3764ce,Water
d0d3da51-a9a4-4f14-a111-f595f55bca99,Water
605e745e-d05b-42c2-a350-9e2b8f852438,Bug
430001d0-b05e-4e5f-b37a-b0952002b420,Bug
81da8896-b96c-4d55-86d7-2c61d6570ab2,Bug
d5b22785-e9b8-4c75-8ab7-fd185dd174a9,Grass
7d20a948-5685-471b-88fc-11973b1b90df,Grass
d2e410d8-25c5-4c4d-8cd3-b9e0293a0112,Grass
1dbb4851-1336-4d1f-85be-83c5ace659c7,Normal
19989db3-90c9-49fc-a96a-2d8c3b359c5b,Normal
5cc4ecea-ba1a-458b-85ca-724472c8146c,Normal
52da7575-1385-45e2-9b9e-a6b1803edbb4,Fire
b9ab1dc9-be38-4fe2-9609-63c8c77e3e57,Fire
6d4d85a6-4783-4f79-8a3c-f305ec4d47a3,Fire
dc79e21a-c9b2-4abe-8559-882903449776,Poison
08205a31-f464-402a-a6bb-77e2a2410d1b,Poison
9395cf1e-d73b-4282-bf73-5e7d4af6583f,Poison
170b55c8-63dc-44cf-8255-3e17441d1868,Fire
f31d7aeb-3c73-4e96-b19c-c8886aab6383,Fire
87d971d0-6045-439f-b0e5-541bb679a612,Fire
62b3136b-5354-4ddd-a601-a70fa19f48dc,Fire
7e15c3b9-7130-4359-9afb-c1d25f2b3c69,Fire
4e246a15-e918-4e60-b845-141096bb0012,Fire
31901a67-9731-4a4f-bfbb-93ee8c900cb3,Fire
464d5cba-a652-4b0c-abdb-b399794ac582,Fire
49cf7fb3-5675-436c-9b42-e42eb0ad79f9,Fire
fb4a1372-8b5b-499a-ba6e-8fcf77ac9ac6,Water
33a4249f-8fe9-4c38-b01c-d53e3157863e,Water
870b2008-6d1f-4e03-94e1-46ed3d705191,Water
2e451ab0-0c7f-4ea7-ac66-ec0444339af2,Water
62e0b1b0-0d6a-4235-91fb-bb54ce38cfcb,Water
ca4e4e3d-41ea-4e67-b1c0-7cfdcdcc1e5e,Water
8777ef6e-66f5-4791-9a0d-5cbded4345e7,Poison
d10ad7dd-09b2-458a-a13c-e31372496946,Poison
7d706d5c-5f7d-4553-acd2-2f6f1eb373d3,Poison
e631f00d-1feb-43a0-b3d7-7b0a950e807b,Water
930bda73-8885-4313-b4e5-0cc5f9ffed6c,Water
099e3928-92d1-4335-b794-f76565e41f3f,Water
60255272-2085-4224-9125-74cc916f70ce,Fire
3e3ba91f-2711-43cb-af42-10d445db34d1,Fire
5193cbb0-9a7d-46a0-8f6f-d7ec0638d916,Fire
6ed9b762-cc15-40ed-92d8-64c156324463,Grass
49874032-6dd8-4a18-b760-512b033dfa1e,Grass
64986b60-8c00-47dd-88d9-9c1607dcd58f,Grass
08898995-f1f1-4add-9c54-09c9b4ff423a,Grass
39c01c61-215d-4f10-a9d3-99b7da99c8bf,Grass
53d09223-d206-4230-b53f-f478323e281f,Grass
45a848c0-7a16-428b-8f41-af22bcb3a5b2,Grass
f7db70bb-a0e9-4d30-b79a-c78e7cc424ae,Grass
28defbe0-cd38-473d-9824-5a13cdac8c4c,Grass
7c558cc5-8ac2-47d6-9cdd-345292b590ca,Water
35dfe1a5-716a-496e-b343-fb42e6278166,Water
46c571b9-ebce-4040-ab8c-5aeb0ed9c9ca,Water
1b19c732-d096-4338-b9ee-f21659bd8dcd,Rock
f03c0dff-568d-4d1e-89cd-5ab5c503302b,Rock
642d23f6-ef9c-468e-8fca-2f2219abc393,Rock
0b86f5e3-0927-4ab9-b4cd-1640d4057eb6,Fighting
d934cdcb-66f7-43b7-b71f-94c4b014439a,Fighting
6a368a01-2a13-4b15-afe9-869c6cb8cce5,Fighting
061e2525-33bb-4a8a-824f-690a4acb81a4,Fire
a6415abb-68b3-442a-821e-c8a3b30f4a91,Fire
d38e7161-0007-47b6-8e35-f7199cd23813,Fire
51a7ae82-05e2-447a-9545-213acebb751d,Water
9baf5fc2-a5e9-496a-b4fb-7a49e3d1e5e5,Water
51b368af-44ff-41b5-ad7f-36819abfadac,Water
d20677cb-6476-4324-8d1f-f4fcf7f67591,Grass
f039beb9-5b37-4091-862d-0ff01dfa1db3,Grass
ee487b51-0edd-492f-aee3-dbfb1d2f6aa9,Grass
22e7a695-ed07-49d3-8170-a70ae41427c7,Ground
bcb299f6-7eb5-483d-afb9-3ed736342391,Ground
716f770b-2266-4026-8423-7949bf6e2cf3,Ground
65645ed7-71d5-4bd4-b5e7-efbd49be7af8,Normal
99cac07c-9503-40ae-8804-e81ed8d01373,Normal
dd72f42e-0dcd-4653-bfb0-0d127c08c971,Normal
3129249e-dddf-4dd9-bd34-571fcc8b84be,Fire
b0564c27-3a35-4326-be5f-c403243f0e2d,Fire
501c2bc5-fb49-4def-abc7-3a11722510bc,Fire
b755c2de-b8b1-4f06-9544-d45b7eb1a2bb,Fire
62e6d8df-127d-4e06-845a-8aa79da2d4a0,Fire
6251b823-6c86-491b-89cf-61ed10ba0a80,Fire
46cd003e-d542-4587-af79-05efd357a89a,Normal
fb0521db-810c-45d9-96fe-121785ceb4f4,Normal
a4f39e27-1dbf-4999-87a9-4b9d348441cb,Normal
f871a81a-976c-4f1b-8c31-b88052ca8b1a,Water
cc4f6821-50b4-4fdc-b4cd-f7f7e254cefc,Water
d5d680ac-4e03-4e91-9804-9c2ab03cd13b,Water
4624c775-2c38-475b-9c98-bd396fc389c8,Grass
87499452-a11d-463a-a154-3a3173c179b2,Grass
66af9b48-f8a8-40b3-b6cf-e274b227e30c,Grass
91c22fa4-2e63-4f5e-a911-db78766b5dd2,Fire
04a9102b-782c-4b9f-a1d9-440557555a84,Fire
e9d02c40-ebfd-490f-b07e-94d5090dd2ac,Fire
b3486874-0a76-44f5-9571-625777020628,Water
a433ed33-fb6f-47b2-9d46-0fdd1b0eb9a7,Water
61a028f8-3e6c-4492-8766-c08cf429d73a,Water
53217967-e2d7-47a3-a276-b44dd0c4778c,Normal
1634d11f-c77b-4141-bd19-10d2c4a8066e,Normal
fe7f5de9-684b-4d80-9616-d998e699699a,Normal
c72cc5f1-55b4-4d00-9323-a1035f04d723,Water
740c07dc-1017-4bb0-b20e-beaa82e4dd37,Water
e3177d85-842e-40df-8785-00a93a7f3b50,Water
f9784f84-1173-4b3b-af7a-7b5f1baf0947,Grass
2c154943-0cbe-4998-81ed-8a7a7c265600,Grass
9a982bd9-2530-43c9-a48e-40164bac85ee,Grass
daad2b8a-dff5-4c2b-8ab0-4efcec523a44,Water
f2e299ed-b2af-49dc-980e-6d8a7552ef72,Water
fea9aa40-cee0-4275-b599-ef244c9c48e5,Water
c053c0ef-9603-4612-8bda-a84c820df12d,Water
5b06f80e-182b-48b0-a705-5f9ba930eed1,Water
2a1553fc-d49c-4c0b-880e-73b620448823,Water
3656a6ea-1e64-4de2-9bb3-f2c9830ceefd,Bug
f3257487-8925-4df6-8247-fbef3792e96e,Bug
1e42c424-3ae7-42db-99cf-0f11c341b51f,Bug
77fecfa8-79a8-478b-b98b-7fb158927b56,Water
51b5a9d8-c6c4-4d61-b07b-d13f677db1cd,Water
c59b4ed1-d354-416b-819b-bde2d3fadaa5,Water
f5ae9fd6-625c-4c2c-b795-5ecca1971159,Normal
489ba1f4-0920-408f-b5ba-a12ee2cc90fd,Normal
7a532733-f1e1-45fc-bfd9-d7de77e81564,Normal
485971ac-c8a3-4017-a9ad-450506fec28d,Ground
20aea820-1767-4097-b46b-94321f305b92,Ground
9e977747-ec21-4c4f-8f7d-f19a58c1b93c,Ground
9d5cf257-7e90-4d82-9151-18fb3fe9065b,Water
8af1316c-9361-4495-84b9-223509a827f0,Water
8a84915e-1a37-4f07-bec2-1a0f2506f665,Water
e537f1d5-649b-4ba4-9a53-4ba0899827bb,Water
e9de380c-30c4-47a2-b168-456120b06d00,Water
a3de8d4e-9a73-46bc-93ab-eade9ca7ab1a,Water
17d4a438-0771-422e-8685-1abfee13fda3,Fighting
0eb1e32d-0bcf-4abc-907d-ab2e0a8068b5,Fighting
dadf977d-d612-4fc6-9a8b-d12f967201ac,Fighting
fb6c5a1b-3ce3-4f6a-b615-7cc1d8f35608,Normal
91a13d4b-eab7-43f6-ac94-95c50b05b7ff,Normal
4e3ff52e-a2e2-48d1-bf51-a52b1a502cc9,Normal
bcadf547-16b8-4066-b343-ecb3f85baaa8,Ground
7429a646-9fa1-4e75-8dd2-3baa221988c0,Ground
92a88d6b-8a77-4445-b353-b4f96847b934,Ground
0161bc82-639a-4d00-8a80-f745730d35e8,Fire
a639d419-2641-4f38-a658-d49d993e5328,Fire
8be3acc6-d654-412e-88fc-40966b88d4eb,Fire
834543c4-574c-4a2b-9355-91a35e6f514e,Normal
e1308edd-220e-4eff-9958-958565416a1e,Normal
f38cf468-960e-4673-9216-935dac415d77,Normal
b0285e2d-3483-4de7-bfcc-34f26b8976dc,Bug
8e241354-8989-4642-b793-cfb88e2c353f,Bug
19c89c5b-92bc-4e03-85f1-310fe7b44e26,Bug
d57df789-530a-4117-b11e-ac6f61ac64c2,Grass
ea1fd415-b4c4-4141-8661-60f80c510dc0,Grass
65ee16ce-a19a-409e-b3d7-1de376cda30e,Grass
ad907c57-cb7a-4fb4-bbe7-0d95feb6220e,Grass
2ae3674b-5eaf-41e6-b28e-7b445696ed5a,Grass
a3a3ddaf-81a0-42b8-b5a9-07e7035f0f21,Grass
6679933f-0cc8-432f-b9f5-ad8499861658,Rock
dfbe3225-6ced-48fb-ae1a-c441c0097069,Rock
377239cd-ee32-40bb-93a8-bf84ef0f602c,Rock
82417615-a5d4-4964-a9fd-d40b623f9f87,Normal
4a9a7926-30bb-43ef-bd76-78e2308839b2,Normal
024984e3-7643-46be-a46c-639de0e305f2,Normal
9247b222-03ae-4fc5-b832-7b6f17709baf,Grass
cbd34ad5-1c1f-4ef1-9055-c4d7da2edd3e,Grass
e30c64e6-b6e3-4a50-b994-da2da3d6059a,Grass
21bdbc96-dde5-41cb-b49a-29e8582fc6e2,Grass
7d21a83a-58b6-4410-b046-3458d082be75,Grass
45af8590-c3b2-41d4-8a9b-37945baa0cd5,Grass
eddb17bb-21a1-4d88-9dc7-d1f4f992dc2d,Water
f01f047f-7423-43c0-8bb1-98e4e04af3ce,Water
85e91d3e-3e57-4761-8397-e230774c7306,Water
f5b91400-6ca7-425e-b115-a9c1434dfe93,Rock
3c3efadc-74fb-4af4-851d-81ddecaefac0,Rock
eeacd3aa-9cd0-4c69-8b8f-b0b1f17dbd73,Rock
c7fdd77d-9e15-4790-a1c0-5b24079f93b4,Fire
b1b640df-794f-4051-a91f-9fb41d37580d,Fire
8cf10f57-edbe-4ad8-b125-9d3af8dfba2b,Fire
cbfa0817-41f0-4a0c-b847-6ccecc4396cb,Fighting
c421877f-54c4-49e0-a35b-c67d3fc7197b,Fighting
0a405ad0-9a36-4f9c-84e3-b2fc55118d12,Fighting
30bd4184-b6c1-474b-a6ef-c589321bdc40,Normal
968c0979-1d7d-4220-8307-be69073881b6,Normal
7be54920-e64d-421e-ba4e-1e6840a0f6b6,Normal
72f35289-c378-4bc6-82bc-c04d1c6f59bb,Normal
97165b5e-96ac-49fb-aed4-e1105ba4c2a1,Normal
f99ebedc-b57b-4605-ae6e-1667ea96496e,Normal
8f91be74-205c-4ec1-b257-3f535b9e9a4d,Fire
b14ff0be-4186-4841-9b8a-17a2582bd80b,Fire
e7dfd650-f3a8-41e8-a8df-ab5843a163fe,Fire
9ab49ecb-5739-4ee2-8dd5-2d1c6dc3f1ed,Grass
ac3d234a-0aac-4f25-96e5-94d29ae966c9,Grass
7372b95d-3a49-4449-a587-1b18c43a5b4a,Grass
dc69fec6-24d9-4fef-8838-9c9cd6b80228,Normal
8e0ba95d-59c4-41d0-a115-15df327564f4,Normal
f25f52a3-58cb-42df-a3e4-aafe5aebc002,Normal
6a8f625c-c806-4b26-8068-373baab7c7c7,Poison
75b96c01-3262-4323-a5e8-e3bdea609a8f,Poison
982e54b1-c284-445f-a52a-edcf9773b130,Poison
6d6d6ae8-788d-40ac-a8bf-2d236e277814,Grass
66bc9c04-c929-4395-b35b-ca3af606805d,Grass
a6e08634-fd35-40f6-b9a7-fcf5af29b458,Grass
381b88a7-5082-4b9e-b9ac-241caf9ee9da,Fire
83731831-af09-41f6-8c05-88457e1ea491,Fire
b4816958-b8ee-4efb-a767-85f8ea08d0d3,Fire
4e7f132c-8218-4eed-8bb8-a8d8d8c80cf5,Bug
88145d94-e6db-4f98-8196-2a614ebb01b9,Bug
7e313b6f-7fa2-4856-8549-fe474418b059,Bug
a67ca985-e7de-4447-9ffe-133ef4656a78,Rock
66f9ac05-a5c3-48f4-a4b1-2ee2050bb162,Rock
58284a3a-217c-41e6-9ec2-7674b24550ca,Rock
2f7ba46a-2966-462f-aae7-0d3011100e0f,Normal
291d298c-8d73-4603-98d0-2abbeec2faad,Normal
ba110004-a35b-4ef2-b897-62944e277ca0,Normal
d6a10784-a58a-4b96-b4b1-ebe70c704863,Rock
c0567b82-d9e3-4c31-aa9d-cd3241a9a786,Rock
8620f8ce-56ae-44a3-bd15-e5ebc79a1ffd,Rock
1b418eaa-521f-4312-89e8-2056e8380ef2,Ground
bcf51aeb-1434-4e27-87e3-8202655fbf67,Ground
e3c01b07-514e-4485-9ef5-8aa2a0be01e9,Ground
62b1a370-a3e9-401a-b772-48ae27d4cecc,Grass
3ace4186-997b-43bf-9dac-fb4bd0e5b6df,Grass
e8905461-e7f0-4711-9b07-a8fde8c51d4e,Grass
ae6347e8-a234-4255-894b-6a3378d60436,Rock
bbc0c8b8-f7fd-4897-87a4-c7c11d0818d2,Rock
a4f3d6b3-93c2-49ed-ab03-78efaa999cdc,Rock
46736e13-405e-48da-8d7e-a5cef1fdbc6c,Water
ba55e144-87ba-46a7-9b41-02f574b68e6f,Water
c2021961-8fcd-441f-b134-c087d82e8410,Water
62a5e335-fe65-4e6e-926a-282ef5fa1382,Poison
8f2d4293-7d19-45b5-a207-6446715ba1a1,Poison
d173a375-ff0f-4f3a-9f8a-0ed1e185d677,Poison
2599d1e5-17e9-4c47-85c3-86d5427f263f,Fire
29c4515c-0f4b-48d5-9aea-9bfdefe21bd9,Fire
1df00fe2-138d-4294-9425-24d1b8c20df5,Fire
c2498bae-0a5f-4ba4-b2a3-bce650751a15,Bug
b2b82f74-5c38-401d-aba7-80d2099eb1e2,Bug
ca066f09-4921-467c-a228-fa5362d515ee,Bug
4c15956f-2130-4a15-8a6f-9d616ea21f01,Rock
c46b7de5-acd4-4052-8960-fd1c7013049b,Rock
f9aaac9c-8a52-44e7-aecf-ed15091accb3,Rock
716e4d97-9ce5-4aa5-b17a-fd867a57e933,Fighting
d8f76950-164c-4450-a56a-90d75a3094ab,Fighting
dc42e032-7676-406f-a32e-47f3409c8063,Fighting
ced5490a-e0b6-491c-80a3-a000ea7aa3f4,Water
9253117e-0246-40f7-a8b3-18d10dd82923,Water
d599605c-fbd8-48cb-90de-3bd34aea7162,Water
fdeb892c-4a5e-4fc1-9686-8212facc3402,Normal
d4bf327e-eed5-4551-a542-9a84933ed48f,Normal
bd38cc20-3619-4e08-940c-7addf92b66da,Normal
4a8e67ff-1e58-41a0-8e60-c3574b61b457,Normal
7606f0f5-fb04-44ac-8d7f-a8b3fbcfb388,Normal
331e6c17-3fb2-47a8-be4e-a4cd77e9db32,Normal
156a77f9-af3f-4161-9bd9-715291d4f798,Normal
49040f0b-6734-43ac-ae23-a6db6a868825,Normal
4ac4d84b-cfa8-411c-9a12-58c84894a02a,Normal
c8aed20c-8088-4738-a107-f309696070cb,Bug
3df862d5-35a3-449c-a4a7-cfcd0a0f2054,Bug
b6337052-ef2e-4432-bcce-8c57595ddb45,Bug
65754c4c-168f-4240-be6f-5fdbdf991461,Grass
fb454639-25e3-4342-bbe5-55a1c6f2ff39,Grass
370cf602-4030-477e-997e-8e08c2a2575f,Grass
5758c822-1ae0-419e-a5d2-551dfe61d355,Bug
2f82b36e-51ae-4909-bac7-c939c89f9460,Bug
8be9732c-4801-4965-97c0-42032900c359,Bug
666be4fd-2ae8-4904-9070-82f55f4e9077,Bug
3707329c-0688-4d84-b7bc-97e703b6e2aa,Bug
e2d59cf1-e612-44b4-866e-66f0dd863281,Bug
d1a216dd-ebd0-4b5a-b9a4-c52836473638,Normal
97c2e5c0-3e7d-4f05-9d70-784f17a4553a,Normal
b8fdb109-a3c3-4d81-a482-6c970aea8a6c,Normal
369fb441-1a6c-4f1b-bb9c-ae5e017160d5,Grass
13223b95-d87f-4c21-9761-b5b67864eaec,Grass
78934a12-6cd7-434a-81b4-6b5e36dac86b,Grass
4f2b0d84-0b8e-4e1d-a2c7-413fcdbe3c5a,Ground
163562e9-97df-43c7-b155-b10aa3bed2d6,Ground
69044b8a-e3a5-4fb3-b6fa-d45117f520d5,Ground
43c2d5ee-8a23-464a-9f28-e4f3e6d8b267,Rock
48c5d2d0-b7a5-4003-a24c-ae8b48b3ebf6,Rock
87ae051a-4369-45dc-813f-17b0b2252571,Rock
c54f9e98-d93e-4567-9aea-5b475ba203b3,Water
502ebeba-106f-448f-8cab-ec2de9b4e872,Water
84eba176-8976-4364-b409-b4e900061598,Water
7b0b8fae-4a81-44ac-a5bb-e2f4a676edee,Bug
73c14b40-7a1f-4d33-89bd-d28e60d713d0,Bug
cdb21031-3b5a-47a6-82aa-354ebc19fed5,Bug
b56d225f-ad0b-42d1-a0f7-34a675db91f4,Bug
ad7a6e29-b0e6-449b-bb4a-d8c5785eba67,Bug
a12c09f8-11c5-4c7a-be17-afb83c29dcbd,Bug
0fd2f1d2-8fa3-4590-95af-dd41adf182d9,Normal
1d0725ac-fb33-4e7b-afcd-5536c5a6075e,Normal
d9510feb-ac0d-4e74-922c-606996e90607,Normal
faa53a01-1bbe-4058-93ef-5c02befba121,Ground
40ae1b0e-c8ca-4be4-941e-2960f166f0c9,Ground
3232158b-f1be-49e1-beca-19bad4034682,Ground
08c8152f-ad71-49e0-a097-8c98082b32b4,Poison
bdad98ef-d401-40ff-ae15-6b3f87f732d4,Poison
5cdf55e8-87d4-428d-87f2-bbb4af631c8b,Poison
ef7aa6e2-b7ce-4a24-80a9-e5253d017077,Rock
d1d3cd3d-e0dd-4871-b3b1-725d270f90cd,Rock
b6cc98d7-7731-4782-b919-f6c59c70fc8c,Rock
5413be0d-db7f-4909-b41e-151ccfdd8e69,Poison
71b9c5b0-9d84-487b-a813-94679f751a18,Poison
662d4454-795d-4356-bf75-c9bd58042f99,Poison
40a06052-6960-4eeb-b1a4-8c47411aec6e,Bug
00ae1128-e385-44c2-b23d-ac103857a91b,Bug
ca456295-3aa4-47a6-bcd8-7da498ccec01,Bug
a75595b1-f080-442f-aa5f-0402dfba9564,Rock
59c3e13c-4ff5-4506-84de-290d7e608a38,Rock
25e62621-d82f-4220-aeeb-bf18e8750a9b,Rock
81034fb1-d8ca-4129-b1f0-f2b7bc0637be,Poison
d8995d89-833b-4027-b24e-32bbe3520309,Poison
5fbe3dfa-7d90-4c6f-840e-1c9a567bf606,Poison
3cbf4b17-8834-4503-b42e-526e1aa1e5ff,Water
8bfd1485-1cf6-43c3-b676-de76b88e2d73,Water
52a50871-c957-4426-9ad3-56063348f805,Water
e8e840e4-b076-40ee-989e-c24e66f70255,Fire
c79777af-6a66-45e6-9df9-f176dc2506f1,Fire
22e4c409-9a41-4a59-a02d-72f6d2b43e20,Fire
9e20fa9f-7c22-4a6c-91a6-ddb2414635a8,Normal
0c3f31fa-b50a-4f76-b654-5e1e11f4336c,Normal
db5e61df-bc70-4eb3-8011-277b8ce0ee98,Normal
30185ed3-4e26-40b2-aee2-7b7c40988e03,Poison
5569da24-4569-434b-a9d6-fcae7671f62f,Poison
4bee86fa-7391-4dc6-a32d-81d3297c87ca,Poison
78308ea8-2a2e-4862-af19-84366cb38484,Fire
1c66c7c9-2b65-402f-9d72-7a6faa3bcf6c,Fire
a15e0d76-177e-4058-b54c-ca02225edbb8,Fire
a1bceb01-d559-4936-8b05-cb7b41f7a9c3,Bug
e1805e24-89fd-4ad4-86d7-096dea79929a,Bug
a2a26f04-7f50-4948-be47-c1af53cf7487,Bug
22bca26a-acd8-418f-b64b-e80de29480ca,Ground
529d8ec8-4089-4c16-9134-e8343ee2e64c,Ground
235b2120-e58a-4ea9-a56b-369df56f6de5,Ground
ebe7936b-4baf-4adb-a77a-611afd4e80bd,Water
6aec92b9-9db1-4f5d-af23-2082be7517c0,Water
2a9e8ca0-859f-4412-8609-660d2f8f8a46,Water
dbbefa85-d868-4d4b-9259-4da94d992521,Grass
df2ccc3a-ee99-4cc9-9fe6-9322aa26e116,Grass
b942773d-e409-4c4c-af6e-0960e7505238,Grass
5fc23650-5433-497a-a609-524fccfc60eb,Water
80764ca8-db12-4fe6-b6c0-a1e3fe30d7b5,Water
9f0fab7a-6c59-4a44-81f2-1eb248441b14,Water
10ad6538-7e71-451d-801d-26a24caf4e59,Bug
6ac461f0-40ae-4395-84bc-259ff87367ac,Bug
7480251b-74cb-4189-b010-33e34158ea90,Bug
a27f7bc2-deef-4796-860a-54bbd24f2aa6,Ground
ddee9da9-d92f-4a56-83b5-14af26541326,Ground
63bf674b-af14-41b0-8381-3d99bc9b63b9,Ground
23b45022-19fb-4391-8b70-d4b205ceedc4,Normal
eb2364cf-21a7-40c6-be95-d9f44e356e10,Normal
83f8a39e-d3a3-4944-916a-e57bdfbdac22,Normal
b6f1ec02-9093-40a1-a8e0-edd57707b49f,Normal
418c2141-a7fb-42ee-9e20-2738ca6b3ce2,Normal
7251ba8a-28b2-494e-bc6a-56c5afe92bce,Normal
9e1e10ba-72c7-420c-96a2-aaa704ec318b,Bug
3d970d79-e22f-4a34-a9e8-8c35b433bd42,Bug
4531df55-1fb0-4533-b016-fecb072dd24a,Bug
4174e875-f8ef-475d-8514-f7df790e5a36,Water
cd9910d4-4d92-4c55-a7c3-28d5b4c64da9,Water
d1a49a55-ec5c-4632-af7e-578c237f0cec,Water
b7f806f9-6946-4a6a-a123-1b5073d08793,Bug
b916c312-6ee5-42d0-bd96-cc06679ade42,Bug
052b1249-8bdd-41ae-81b6-2f0d8bd1da03,Bug
3608ab76-eb1e-4241-b11d-ad115ceb1ba9,Grass
ac7bdaee-787e-4481-b5cd-d2e1271c634a,Grass
82565547-bac2-4c9d-bdc5-c64127aef279,Grass
62093fc4-892d-4813-8c2a-3fecb8ac73de,Normal
03cd6ac3-fbaa-435a-adfc-3f6a269239a3,Normal
99e57ea6-2565-4524-88a4-afebf436bbfd,Normal
ed882423-b2af-4ece-a91d-60cd6f70755e,Water
b6f418cd-c824-4d17-8d98-39ad7ca5bff4,Water
67955fcb-fcd5-4de9-b968-fef4c0d1d66c,Water
1535366f-67d8-45e1-b686-82d194837a51,Rock
209e5f3e-9014-4180-85f7-75f496da04f6,Rock
c54aeacb-e0ee-49dd-92c6-b2952eaa43b9,Rock
429f350c-d4d5-4642-918e-ec86696b72e4,Fire
926c4151-fc35-4232-9a9e-c45299df9ac7,Fire
f9c492b5-f48f-4d76-9900-1936f9310fde,Fire
3a8fa032-4662-4697-b993-97381a8efb5f,Water
a927b371-db84-4ddb-8938-fdf870b2897b,Water
adaf85cf-d4b8-4495-bce6-8749e5040e06,Water
235848e1-8fe0-4a81-9bfe-9c09e0c40f1f,Bug
0a34fda7-a2e3-46ee-9da4-47a0c99a9d93,Bug
bbfc5f12-d297-4ad0-b07c-430984817f6f,Bug
05106fe7-2190-493a-bac5-8ed5db0420d3,Normal
a9493e3f-3438-48e0-acbc-eca6c6301b0b,Normal
d9a6e5b0-c58a-4aa3-98c9-ca7435f0ee6c,Normal
6b73959f-47f1-4361-984e-4a551908e085,Rock
069e84c7-0a90-400b-b7dd-80eadec70199,Rock
1224d1cb-e137-4b19-a604-cb460f2ccadc,Rock
22d9636c-e54e-4bd0-b0ae-8729815ec41e,Normal
04fc6f2f-84a7-4380-9163-c09cad3e9bc1,Normal
ea13ce04-8984-4a2e-a9c3-86290091aec4,Normal
87d44984-441f-4ec3-9c88-a0588a0eeb06,Fighting
766a1d88-7e01-4acf-9783-e47581700fa5,Fighting
17456f27-e984-49d7-8cee-faba0ddb507e,Fighting
e1565e0e-18dd-478c-9ba7-6a8f3dbdeee9,Normal
51fd4c19-a0ff-4f71-997e-358998c78edc,Normal
c0b1643a-0cdd-462e-8ce9-61d05e2acba5,Normal
6d7eae25-a03b-4f85-9c28-93e2e2ecd3d0,Fighting
1354dfe5-3685-4017-82fb-4737fc71bc4d,Fighting
3bf30ab7-0f13-4dee-afff-20641692662d,Fighting
ad80ab36-0948-47cc-bcb5-d38ba4a31b57,Water
f01032d0-acf1-4b96-80cb-82699e60eeeb,Water
28d9a2a4-0c63-4283-9fd1-50d2a55d7633,Water
ce502a17-39eb-473d-b37c-606cf0ef7889,Normal
c005ba05-6b2d-403c-93a9-8fea1e078ee4,Normal
68c258e9-6958-4672-bf34-f33471e6133c,Normal
f6362673-b4ee-4c89-8bd8-db2e0b607256,Bug
571b29a4-e20a-42f8-b23e-e958ba5c78f5,Bug
e42132a5-176a-402a-816a-75fceab50c58,Bug
9fa8f11f-0840-4846-b788-417fefe3f1de,Fire
1d3696fd-26db-4765-9155-4e04b92f17cd,Fire
7574838b-d8ab-4089-811a-b6d5b65acbb8,Fire
41213acf-a6ff-4343-b6af-7e9fd820ac2b,Fire
455c4745-acc6-4779-a544-f8510def8a9f,Fire
ebcd6c88-b788-482a-ac02-465b0ccd4985,Fire
55fdf90c-ee49-42aa-9482-757527736941,Grass
0a007b7c-d32d-4d54-afa0-e6de3031b8d8,Grass
ca7060cc-ec87-4955-b7e1-74bba9fe77cb,Grass
af23c0b5-ee4f-4c1f-9124-4a9e479bdaee,Rock
18e33363-7a42-468c-8b05-7f63fd1da2ce,Rock
cf24f923-5d66-4d38-b037-80a4830a395e,Rock
8deeabe6-efed-4632-b885-6578cd9e7c12,Normal
dc9ee617-d296-4e30-aeff-da4a7e0ba476,Normal
87644dfc-9c2c-4a3d-b59c-824d508b3be7,Normal
d710e750-5c70-4c98-8628-56530fdcbc3b,Normal
b8293099-3906-417a-ae94-e0a7812bd4eb,Normal
f5fbf5d7-a77b-4dbe-abae-9054b3bc116e,Normal
c84fe82b-7351-439e-b187-b625c8f09ac7,Grass
931427f3-676c-463a-9a9e-6849af3ddd18,Grass
cefeffa2-ceed-43ae-b761-d110a3af3afe,Grass
3fef7520-3c77-450f-8312-1228676da3d8,Water
be96240f-924a-480e-ab16-fb3b836e4263,Water
c1e854b6-522d-4da2-b6be-b297f49fc3a2,Water
416eb539-fff3-48b5-a2d9-16a1693c497f,Normal
5a2f1f4d-9f36-4921-ac6d-878807a309aa,Normal
3b8df64a-65e3-46bb-a1ac-26c5f4d6eb90,Normal
c6a6dd22-d838-4b78-9c87-fde0eecca90c,Water
bfee458d-583e-4dcb-959d-21c1e8b38d76,Water
1de979af-a948-4458-85ae-58d169c28661,Water
2f8bdf8c-8bfa-444e-9278-51e131b57188,Fire
361a9fe6-87cc-41d9-8b0d-3491e36bdae1,Fire
ac2839b6-3dbf-478a-b713-eb7efe3f71f0,Fire
4103bd84-1b87-4dae-afaf-e7f56e57551c,Water
cc23e8fc-0eaf-4511-91f1-78dc44ad9dda,Water
78cb2a59-369d-4380-b84e-8e44c04397cd,Water
e3b45e3b-9abf-409b-b2af-66a25db8d55b,Water
1db0619b-8ecc-4cc1-a0d0-2f7d68df5d59,Water
d269cfdf-b1a7-4905-86e9-c0f5391c8a0f,Water
e11a94ce-8283-4023-b114-b00ec05a1c40,Water
2b6bdc79-1ff7-488a-9827-c2d5903f128e,Water
5b657179-6b51-4a5f-a509-38a00ce8bd8a,Water
30ed5a64-eb07-4d38-8d41-98ff0624f56e,Normal
57b233e7-ab12-4968-974d-8bd58e5b33f6,Normal
ca5c867d-f2d8-4255-b767-d4bcb18495e7,Normal
61d2193e-55f4-4a9d-b495-909d6b4e568c,Water
ad88a7a6-afb4-427d-b4f5-676b78068f48,Water
24f0f0d9-9446-4e54-8441-bafc14af197e,Water
c8bbc46a-0dfd-4484-90e7-1e71310a42cc,Rock
2a7f38cc-eefa-4b05-890a-46bc8b21b9d1,Rock
465bc5bb-4fb7-416c-90ed-f8720f9fe7f8,Rock
8e4797b4-2530-4fcd-a937-bf1f0343afaf,Poison
ec4545f4-3bfc-4218-ab11-b686e4234b88,Poison
85a32c4d-c4b3-47a7-bafa-60563979943e,Poison
239cf614-5fa6-4aff-b527-3591418669a0,Rock
9b261a2f-7531-41d4-9b79-47f82f449867,Rock
b39caf9c-7b0a-4a19-8a43-43cda0d9e4a6,Rock
d8c474ee-f790-44a6-96b6-a287dac9b65d,Normal
0aa057c4-9259-44dc-a41d-dfe35932a24d,Normal
79beb077-1123-4e9f-9875-afd11e1b653a,Normal
3dc2875b-6532-4173-8299-c4bafa410039,Normal
ef6eb750-cc64-4997-b94f-97a45fe08a28,Normal
416f6674-6935-4cea-b3f7-60866d6f2fd9,Normal
b38bc111-ad83-4f0d-8c98-ea2af9107b19,Normal
a0ab4d21-bc30-4a3a-b6d9-492ff897e680,Normal
c9a88c0e-75ac-4803-868b-d7a5e944cb88,Normal
e8b76087-5d35-4551-a6d7-776c7f3fe6c9,Fire
948729cb-7a65-4a35-8ad3-bf3b4b8f5dfd,Fire
f566274c-02db-4dae-9860-01d6c800c5d4,Fire
e99f6337-8d1d-47b8-88a7-afeeaa8a20b5,Water
9081d739-9927-44ff-ae83-2452bdf665c5,Water
9bd15777-c53f-407f-b7c0-8c4b3f2f4bf3,Water
4fe6f39f-b619-4a4c-bc69-413944cc4aa0,Grass
28c8b804-cc6e-49ec-8aee-077b72b1dbf9,Grass
552a162c-f285-4a95-9b82-e7058057ac40,Grass
6129e545-2206-4c6e-acee-da7ba8baaeaf,Bug
503c058a-55cb-4966-abdd-bebbcf00d081,Bug
7d2c0ee0-4a74-4df7-8a2b-3c8a25132d5d,Bug
2c8370d9-68fb-45fa-b339-d416784e9519,Bug
26abae21-6ff1-443e-bfdb-4bf2f397e2cc,Bug
5477b55d-b42e-49e1-bcff-9861b7ed259d,Bug
604b62fc-d6fc-4c92-a7bb-da092a69ed25,Poison
6ad75492-6721-47b3-8923-9099005a15a0,Poison
c03579b9-6e50-4804-b3e0-0053eb84c9f3,Poison
ee2c44fe-8eeb-4781-be47-c1def58e3723,Water
b79e3263-5fd4-463b-a436-70ea11fa8b4b,Water
05934d69-5cb3-4cc5-8496-a8958021d321,Water
a6c8ce85-d40e-4589-8c54-b33be021e728,Water
bf03cb75-290f-4466-bf0a-dd1cd2852600,Water
e1944db1-89a3-4ca7-be58-dc5817b04175,Water
f4a217e0-9751-4d6f-b998-7e737176c07a,Normal
307b66a5-d4b0-4c36-aa76-f9771730e1b3,Normal
d179708d-a3f8-4107-89e7-ec819745b67a,Normal
1d54fe88-2cd2-4fbf-8d9f-b5d8df64659a,Fighting
9648aad2-e9d4-4c0a-b97c-716ed472fcb9,Fighting
9d35e037-a0d4-4ab8-bbc4-532d54d01f12,Fighting
b497ce7c-717b-4446-aa36-7361477f1094,Fire
8a25e5b5-3f93-4f3c-9c0f-bdb8763f7a21,Fire
e57a7d47-27ba-4e2e-b8e0-c0ede567cfb7,Fire
a0e61e51-f794-4f51-90e4-8ef9a425900d,Water
3b0b8298-3028-4767-92da-93586621f209,Water
53e50889-38f6-4a0f-a31f-26bb22b97a2f,Water
47a38311-ccb8-4c7b-b67d-d27227c939da,Normal
dd4cc879-50a2-4c77-ab19-69f0798055a8,Normal
74b6192b-100c-4983-bfc2-54a442142856,Normal
77738669-a90b-4630-98e1-681c01c64c5c,Ground
5b756be6-0062-4704-96fe-9704e01abc99,Ground
65f6bd78-b785-488c-8f82-e23bdd46cc17,Ground
7629556e-4cfa-4b25-99b0-f9d822213eff,Water
0bbdb344-ad3d-4b00-a965-270b4f513452,Water
e52c30c0-5cd0-4d5d-873c-7b8dc320eb40,Water
409e2407-799c-4864-81f8-d4c2b476e235,Rock
0e69fc8f-1271-48b3-a4d7-0746d0257788,Rock
b9eabe05-d38f-4ff8-abd0-d339613e8c67,Rock
f3c674e1-13ce-426c-92dc-dd7b55da3e23,Normal
66b10b77-9527-4ed8-8f85-b5cc5c4fb06f,Normal
3849d253-fb0d-499c-9e82-e1e5ff4bb8f7,Normal
b2917f22-102e-44d9-a618-73d458f08ea1,Bug
014f078d-7d46-420b-8047-dd4f824ed44b,Bug
bfc51b74-1d46-4e70-a593-d7a40c94a0e6,Bug
b21a5836-ef53-4113-be0b-86aa8f0a1f69,Water
154685a3-6066-4e8d-bed4-418aa4cbe1d0,Water
734d887f-6b46-4c70-9ed8-7345e5f36b91,Water
85f6ef7d-e7ac-4c2e-8118-cb1a50d7857f,Rock
64efc6e7-8811-437c-a445-39f0b64c4689,Rock
3c0496ae-c585-4143-9057-93329be5f462,Rock
f6d85523-6369-48d9-9db7-a96ddcca1a64,Bug
3b7f3b10-4969-4228-8d65-e739f2354720,Bug
21faac2a-d0d2-4df2-b146-de12f6757ecf,Bug
1df482d0-8546-4526-b33c-adae6febe3e9,Grass
34904211-31be-4d7e-b347-6ff63129f2eb,Grass
00bd3716-7d3d-41ab-ba66-691db54cc447,Grass
43b70823-6f18-4974-8330-79a9f8b481ed,Bug
48adb0aa-374f-4c02-aea9-d386251919ba,Bug
380d9465-a786-4ef9-a5ef-5dfd848b52ed,Bug
dd797052-0a7d-451e-a0f6-5fe395a2e61d,Water
14aab7d7-b204-43d7-9307-b79144c92843,Water
fb60b52a-ad22-483f-aa18-6319e7f3cd0a,Water
b46676b8-86f2-479b-af05-b3d071cd842b,Grass
fe8ef030-ad2b-477c-939a-19b1b8cbccda,Grass
606407f7-57e4-499d-ab47-a110069720d6,Grass
1dadf0d8-2636-401e-a9ae-470f90ced729,Grass
ab31a981-6724-49f1-ad6b-4dffbd9c817e,Grass
b6f22a8c-2f59-4bbb-843f-03b47957174c,Grass
b0f306b4-c4de-4761-863a-dda46ddf8e56,Water
ab0a292a-4f04-4bb8-bbcf-808a710d3fad,Water
81f6683d-674f-4f3b-9450-84c13f8d9be7,Water
4c138cf7-0cfe-481c-8ea0-a945a9695373,Poison
1084d411-0f88-49ed-adb2-da14ff606382,Poison
3847b776-bdc7-4021-8395-ae840910dd85,Poison
ceaeb024-b401-4f4e-a754-173f2051e2ec,Bug
bab571d5-150e-4882-9d92-89b458fa78e3,Bug
56e3a1e5-975c-42d6-9de1-3c23785add7d,Bug
90364fe8-fde9-42a2-8382-1e85a5938cfe,Bug
108df115-e88c-48dd-875f-a1810a63ffb6,Bug
a322747a-de2d-4db2-9456-e9175164b461,Bug
41501df6-999d-430a-b1f0-25cec83be22e,Water
19c68f4a-1c92-4b52-97e5-908a2240f0e7,Water
c183b7b8-31ce-4ed5-9b1f-d125f4e8f91a,Water
19f5d6e8-7061-4c8c-b157-b534f391598b,Fire
bc3d182e-5519-474e-b257-79d0d9b7f21b,Fire
43142631-8c73-44dd-a275-e75ce911ef43,Fire
f0a99b0a-3ee6-4d07-bee6-5a3f2a113247,Normal
e45926ac-e09f-45b5-9ff5-2d0430d921d9,Normal
928669dd-9a38-4848-a718-2d7a8fb3c52e,Normal
2463a1a2-61d4-4fa2-abab-463c5db1ebdc,Water
3f62e16c-12d2-49b8-b013-b970483fb677,Water
9353646d-2718-4ec2-b0c9-952758680fcd,Water
f485ad08-7d52-4d26-a067-d3cb03d4c0fc,Water
87073036-57b6-412a-8d0b-04c04167728e,Water
b1f4eb18-827c-427c-a1b4-c8c2a940ed49,Water
ed88f3a0-0e0e-4d34-a544-15f5d41e8f63,Normal
b9a22d66-85ba-4b88-a215-ccaa78120eb6,Normal
d3735a5a-5f17-4eb3-a93b-9ac54c56d1ea,Normal
4bf313cf-3d29-4231-b07b-f2d6156ec699,Normal
6ad1f277-b1cc-4971-b4d9-6442d62a810b,Normal
10e9f10d-b29c-47cc-8e32-9faf9f2e3209,Normal
785bbe06-4517-4730-8c9c-78013a748f12,Normal
27dd90fe-6905-498e-8c1f-03ef5765bb48,Normal
9c7b10a6-efc2-4492-974f-d7f17da2b181,Normal
90c4352e-5624-4b11-8572-b09a12d2d29a,Water
0b246bed-de89-4b60-aaf4-18314a3eb149,Water
d6b2fd9b-7a42-4a77-bab0-cc605cdbd21f,Water
94744ee7-4dbb-4927-8094-6806045e28db,Poison
51abafc0-2f1e-4ab4-8130-c446e1a14d7d,Poison
929bf073-691a-489d-a914-5b010655397d,Poison
52a0e95e-ad19-443d-a33e-a5b24afe5a6c,Bug
f14da616-5bf9-4cf7-a723-8b24eb083016,Bug
e7e1aade-f6d0-40b2-88c0-08bc876a9943,Bug
01de2cda-13d2-431b-af70-cde52eb61870,Grass
9ae6076e-068e-4ef9-a12f-a9fc3f13a2b1,Grass
9f049331-2057-4613-b165-965c9cfdef1e,Grass
99601e8a-2004-4b7a-bb5c-12d2f430513b,Fighting
c4b72e57-76d4-4a44-bcbd-975f207d3716,Fighting
615ba9ae-b9cf-439c-809d-8b9eddc4bf49,Fighting
47764e88-aa9b-4b2c-9c37-29b2a5efb711,Normal
e32162fc-e193-4501-a17a-347354f38e29,Normal
6b284fa7-b203-4ff2-9772-f9d67718e1ad,Normal
67255b6c-51ce-4437-987d-04d54c9b96fd,Rock
27ffefd1-8cb7-4750-a098-2c58e6aadce6,Rock
d5e0dde7-d86b-48d2-9533-efa6251467d4,Rock
a913b558-22c0-4e50-a06b-9ae9d1c1e706,Fighting
22c2082b-1785-4593-823d-61d4ef22ae0c,Fighting
f33f5ea1-c93e-475a-bb98-d4c3f1eb0cde,Fighting
fea48046-de75-4c02-b7b8-060a765d5fd2,Bug
7f0cd12e-9927-43c3-83a6-f2d1abc6d3fb,Bug
07162afa-984d-4e61-bcdf-2afbbd5d1825,Bug
022b12d6-6bed-465f-973d-720296932049,Grass
db292b27-803f-4abe-876f-290ed48d203c,Grass
6a713e77-3c07-436b-a4fc-039aa48c15d3,Grass
9d4151b8-5327-498d-bcae-b43610f033b4,Ground
8b90d7ef-5f98-4666-bee0-f69ca5a1ab43,Ground
c77e647b-15b4-48b0-8191-b897ca51fa6b,Ground
67b0fb74-406a-44dd-aeca-6a9fe65b9720,Grass
f34282c7-7934-4ead-af16-c447d356bbe8,Grass
a82a5d21-4b4b-4171-9b2f-ec121c59cddf,Grass
ed67beed-fdd9-40c2-b79d-e194511d5e1a,Grass
3281b79c-554d-48d8-bf1c-3919da4e8eb3,Grass
efa9fd77-efde-4513-bf80-4f411978dc8a,Grass
f1850317-8e34-4aa2-bc79-dcb25aaf51cd,Grass
728f71c7-9ee4-458a-8f29-90f0d6e102a6,Grass
f576d663-8b8e-4bb1-90c6-cd256d25eda3,Grass
26588602-f1e5-4e4a-8fc3-4f432b4f1cf0,Grass
912a78a3-3d7b-49d5-899f-65530fe26834,Grass
ee04a46d-be2c-4c38-81e8-e71cc9ad3d5d,Grass
c1f1bf47-d3c6-4c9d-bf06-c9f7eef1df77,Fighting
df7e6329-6e45-4cb1-aa97-f11a0a8b168f,Fighting
68417ac2-36ab-46d9-8a09-7ec240ca723f,Fighting
f7cd21f2-a8af-4745-929d-5bd81afd4327,Bug
71fd8313-4d1a-4ebf-8c32-70f14bd223eb,Bug
bfc216a4-6e03-4215-8af1-e2ebe907060e,Bug
003c407b-ed53-4a11-9aee-5d41a031ca5f,Fighting
1214e8e7-1433-4bd2-818c-e0828e4da6f5,Fighting
f13e32c6-9263-4613-b4a2-38ebbd8f6501,Fighting
eea4c758-2e37-4648-ad4d-2d19833292e4,Water
c399c21f-cc1b-4331-8367-b307f05306f5,Water
2edbb941-4baa-4e96-8116-5be44f613c55,Water
4d057ce3-da01-4b5b-a789-7f7005b7a977,Bug
edaf163f-c14c-4d7c-8566-45312e62fd93,Bug
b1187d5d-cbda-4212-8fbb-20674be78b91,Bug
99dda990-58c5-4981-8bf5-3aec1140e85b,Rock
c49b4f50-e80c-45cc-a80a-e062f457424b,Rock
88d4e997-0543-4897-9564-788bb4d87b91,Rock
fb6543ec-5b27-4567-84ec-f7e7c35da67f,Water
4dd4b843-5986-442d-8af6-383b3165e6b9,Water
ad0a736b-d1d1-4a5d-9b09-d86d167ce5fd,Water
53fb0e8d-b061-4ef1-a2c1-4f4cee9e0bf9,Ground
9d7d958f-1044-4178-8331-23537f581e10,Ground
55951a72-e07c-4299-ba1d-dd301f31e095,Ground
af759852-030a-4c56-88f8-60c9cf028c6c,Bug
9471d39e-c4a4-4b88-9fe1-57ed2e5d6854,Bug
b169442b-676a-472e-aea0-0621c0963b21,Bug
44283922-41bc-4a1e-b06e-113ec289b8df,Water
da539d16-303e-47d2-a26c-eb3e3253c6c6,Water
d1559ae4-e776-45e9-808a-007a235c6594,Water
53f2250d-0262-4d0d-ad7e-f4c5546459fa,Water
067747c5-3df1-422c-b7b2-c45c649d4b50,Water
cf02e31b-d111-484a-9ac2-d5905cd2eed3,Water
5984ece8-e7bd-4783-bddb-0da5d8c7e385,Normal
8e6eb534-b3d5-4de4-a781-efcb6cae94b6,Normal
5a862bbf-a37c-485e-81f9-66844f57f265,Normal
1b0508bf-fc5e-4c01-9f28-c90d16bbabb0,Fire
fd00b23d-2550-4995-ad24-f58e7b192d86,Fire
f50372f8-ad84-44d8-9d7e-f7ddeb34e844,Fire
195ff006-94f0-427e-a75b-331e4fe7441b,Bug
6abffbd9-061c-4aec-ba40-64eb21ca6534,Bug
006d8269-5160-4ec2-84e0-d5d087d21d65,Bug
583e8c9d-0016-4045-8461-a4467a818d87,Poison
0ca1fe14-1805-4b6b-a430-e2d6a813a3af,Poison
5ec04fd1-ace9-4a98-b8c1-00608250ff5a,Poison
aa4be928-1d92-4a61-a20f-95b18d8a900a,Grass
8d404543-6288-491d-8de6-279c4ba3b43c,Grass
95a8ca78-2ecf-419f-8a3e-01aea838ca6b,Grass
31406128-d179-4972-9a01-34d10779c4a4,Normal
492ba782-965b-4001-bedb-18d52ebf531d,Normal
44eb14b7-d906-48f8-8aab-9bea30c4f62d,Normal
03fb22d1-9a83-4f7f-b0e7-b4a669b7281d,Fire
8ec29135-0725-4284-95de-d2463a69d93e,Fire
f027c2b7-ac43-489f-bd5e-66225d3ebc79,Fire
25dcf4fe-8ef7-4d51-b689-76de4b7179e0,Rock
f0e8b668-9989-4a06-bd26-9c190f90a944,Rock
bf97f736-8c2b-4279-9464-2e9436e480ec,Rock
3c13d988-3b54-4939-8931-2af8f8804803,Grass
510e264e-4a25-450a-a2c5-9df46c0bef18,Grass
bd4d2b87-32c9-4af2-b468-0fd38ffc4fa3,Grass
b7f29f38-c1e6-4306-bb02-2956d9e087d5,Fire
f3b56c11-22cd-4335-9ee8-6894b55c3a3d,Fire
63058f3a-13a6-4026-9116-6ba133a1d267,Fire
a9b09889-bd8e-4d2e-a570-ebb889db3ad0,Normal
bfb0be5f-1f17-44a9-860c-05dc68218dc6,Normal
9a959cfa-56e3-476c-950f-10ab076425a9,Normal
